

INSERT INTO Countries (Name) VALUES 
('Canada'),
('United States'),
('France'),
('Germany'),
('United Kingdom'),
('Japan'),
('Vietnam'),
('Korea'),
('Australia'),
('Algeria'),
('Egypt'),
('Togo'),
('Chile'),
('Argentina'),
('Mexico'),
('Turkey'),
('India'),
('Pakistan'),
('Indonesia'),
('Portugal');


INSERT INTO Cities (Name, CountryID) VALUES 
('Ottawa', 1),
('Washington, DC', 2),
('Paris', 3),
('Berlin', 4),
('London', 5),
('Tokyo', 6),
('Hanoi', 7),
('Seoul', 8),
('Canberra', 9),
('Algiers', 10),
('Cairo', 11),
('Lomé', 12),
('Santiago', 13),
('Buenos Aires', 14),
('Mexico City', 15),
('Ankara', 16),
('New Delhi', 17),
('Islamabad', 18),
('Jakarta', 19),
('Lisbon', 20);

INSERT INTO Addresses (Street, Number, CityID) VALUES
('That Street', 2, 1),
('This Street', 5, 2),
('That other Street', 55, 3),
('The Street there', 42, 4),
('Some Street', 115, 5),
('Another Street', 134, 6),
('No Street', 17, 7),
('A Street', 1, 8),
('Road Street', 96, 9),
('Up Street', 423, 10),
('Down Street', 54, 11),
('Low Street', 88, 12),
('High Street', 67, 13),
('Left Street', 123, 14),
('Right Street', 321, 15),
('Jump Street', 21, 16),
('East Street', 44, 17),
('West Street', 333, 18),
('Avenue Street', 25, 19),
('Boulevard Street', 100, 20);

INSERT INTO Users (FirstName, LastName, Email, Password, ProfilePicture, PhoneNumber, Verified, CreatedAt) 
VALUES
('John', 'Doe', 'john1.doe@johndoe.com', 'password', 'URL', '+49175658456', true, '2023-04-01 10:15:00'),
('John', 'Doe', 'john2.doe@johndoe.com', 'password', 'URL', '+49175658456', true, '2023-04-01 10:15:00'),
('John', 'Doe', 'john3.doe@johndoe.com', 'password', 'URL', '+49175658456', true, '2023-04-01 10:15:00'),
('John', 'Doe', 'john4.doe@johndoe.com', 'password', 'URL', '+49175658456', true, '2023-04-01 10:15:00'),
('John', 'Doe', 'john5.doe@johndoe.com', 'password', 'URL', '+49175658456', true, '2023-04-01 10:15:00'),
('John', 'Doe', 'john6.doe@johndoe.com', 'password', 'URL', '+49175658456', true, '2023-04-01 10:15:00'),
('John', 'Doe', 'john7.doe@johndoe.com', 'password', 'URL', '+49175658456', true, '2023-04-01 10:15:00'),
('John', 'Doe', 'john8.doe@johndoe.com', 'password', 'URL', '+49175658456', true, '2023-04-01 10:15:00'),
('John', 'Doe', 'john9.doe@johndoe.com', 'password', 'URL', '+49175658456', true, '2023-04-01 10:15:00'),
('John', 'Doe', 'john10.doe@johndoe.com', 'password', 'URL', '+49175658456', true, '2023-04-01 10:15:00'),
('John', 'Doe', 'john11.doe@johndoe.com', 'password', 'URL', '+49175658456', true, '2023-04-01 10:15:00'),
('John', 'Doe', 'john12.doe@johndoe.com', 'password', 'URL', '+49175658456', true, '2023-04-01 10:15:00'),
('John', 'Doe', 'john13.doe@johndoe.com', 'password', 'URL', '+49175658456', true, '2023-04-01 10:15:00'),
('John', 'Doe', 'john14.doe@johndoe.com', 'password', 'URL', '+49175658456', true, '2023-04-01 10:15:00'),
('John', 'Doe', 'john15.doe@johndoe.com', 'password', 'URL', '+49175658456', true, '2023-04-01 10:15:00'),
('John', 'Doe', 'john16.doe@johndoe.com', 'password', 'URL', '+49175658456', true, '2023-04-01 10:15:00'),
('John', 'Doe', 'john17.doe@johndoe.com', 'password', 'URL', '+49175658456', true, '2023-04-01 10:15:00'),
('John', 'Doe', 'john18.doe@johndoe.com', 'password', 'URL', '+49175658456', true, '2023-04-01 10:15:00'),
('John', 'Doe', 'john19.doe@johndoe.com', 'password', 'URL', '+49175658456', true, '2023-04-01 10:15:00'),
('John', 'Doe', 'john20.doe@johndoe.com', 'password', 'URL', '+49175658456', true, '2023-04-01 10:15:00'),
('John', 'Doe', 'john21.doe@johndoe.com', 'password', 'URL', '+49175658456', true, '2023-04-01 10:15:00'),
('John', 'Doe', 'john22.doe@johndoe.com', 'password', 'URL', '+49175658456', true, '2023-04-01 10:15:00'),
('John', 'Doe', 'john23.doe@johndoe.com', 'password', 'URL', '+49175658456', true, '2023-04-01 10:15:00'),
('John', 'Doe', 'john24.doe@johndoe.com', 'password', 'URL', '+49175658456', true, '2023-04-01 10:15:00'),
('John', 'Doe', 'john25.doe@johndoe.com', 'password', 'URL', '+49175658456', true, '2023-04-01 10:15:00'),
('John', 'Doe', 'john26.doe@johndoe.com', 'password', 'URL', '+49175658456', true, '2023-04-01 10:15:00'),
('John', 'Doe', 'john27.doe@johndoe.com', 'password', 'URL', '+49175658456', true, '2023-04-01 10:15:00'),
('John', 'Doe', 'john28.doe@johndoe.com', 'password', 'URL', '+49175658456', true, '2023-04-01 10:15:00'),
('John', 'Doe', 'john29.doe@johndoe.com', 'password', 'URL', '+49175658456', true, '2023-04-01 10:15:00'),
('John', 'Doe', 'john30.doe@johndoe.com', 'password', 'URL', '+49175658456', true, '2023-04-01 10:15:00'),
('John', 'Doe', 'john31.doe@johndoe.com', 'password', 'URL', '+49175658456', true, '2023-04-01 10:15:00'),
('John', 'Doe', 'john32.doe@johndoe.com', 'password', 'URL', '+49175658456', true, '2023-04-01 10:15:00'),
('John', 'Doe', 'john33.doe@johndoe.com', 'password', 'URL', '+49175658456', true, '2023-04-01 10:15:00'),
('John', 'Doe', 'john34.doe@johndoe.com', 'password', 'URL', '+49175658456', true, '2023-04-01 10:15:00'),
('John', 'Doe', 'john35.doe@johndoe.com', 'password', 'URL', '+49175658456', true, '2023-04-01 10:15:00'),
('John', 'Doe', 'john36.doe@johndoe.com', 'password', 'URL', '+49175658456', true, '2023-04-01 10:15:00'),
('John', 'Doe', 'john37.doe@johndoe.com', 'password', 'URL', '+49175658456', true, '2023-04-01 10:15:00'),
('John', 'Doe', 'john38.doe@johndoe.com', 'password', 'URL', '+49175658456', true, '2023-04-01 10:15:00'),
('John', 'Doe', 'john39.doe@johndoe.com', 'password', 'URL', '+49175658456', true, '2023-04-01 10:15:00'),
('John', 'Doe', 'john40.doe@johndoe.com', 'password', 'URL', '+49175658456', true, '2023-04-01 10:15:00'),
('John', 'Doe', 'john41.doe@johndoe.com', 'password', 'URL', '+49175658456', true, '2023-04-01 10:15:00'),
('John', 'Doe', 'john42.doe@johndoe.com', 'password', 'URL', '+49175658456', true, '2023-04-01 10:15:00'),
('John', 'Doe', 'john43.doe@johndoe.com', 'password', 'URL', '+49175658456', true, '2023-04-01 10:15:00'),
('John', 'Doe', 'john44.doe@johndoe.com', 'password', 'URL', '+49175658456', true, '2023-04-01 10:15:00'),
('John', 'Doe', 'john45.doe@johndoe.com', 'password', 'URL', '+49175658456', true, '2023-04-01 10:15:00'),
('John', 'Doe', 'john46.doe@johndoe.com', 'password', 'URL', '+49175658456', true, '2023-04-01 10:15:00'),
('John', 'Doe', 'john47.doe@johndoe.com', 'password', 'URL', '+49175658456', true, '2023-04-01 10:15:00'),
('John', 'Doe', 'john48.doe@johndoe.com', 'password', 'URL', '+49175658456', true, '2023-04-01 10:15:00'),
('John', 'Doe', 'john49.doe@johndoe.com', 'password', 'URL', '+49175658456', true, '2023-04-01 10:15:00'),
('John', 'Doe', 'john50.doe@johndoe.com', 'password', 'URL', '+49175658456', true, '2023-04-01 10:15:00'),
('John', 'Doe', 'john51.doe@johndoe.com', 'password', 'URL', '+49175658456', true, '2023-04-01 10:15:00'),
('John', 'Doe', 'john52.doe@johndoe.com', 'password', 'URL', '+49175658456', true, '2023-04-01 10:15:00'),
('John', 'Doe', 'john53.doe@johndoe.com', 'password', 'URL', '+49175658456', true, '2023-04-01 10:15:00'),
('John', 'Doe', 'john54.doe@johndoe.com', 'password', 'URL', '+49175658456', true, '2023-04-01 10:15:00'),
('John', 'Doe', 'john55.doe@johndoe.com', 'password', 'URL', '+49175658456', true, '2023-04-01 10:15:00'),
('John', 'Doe', 'john56.doe@johndoe.com', 'password', 'URL', '+49175658456', true, '2023-04-01 10:15:00'),
('John', 'Doe', 'john57.doe@johndoe.com', 'password', 'URL', '+49175658456', true, '2023-04-01 10:15:00'),
('John', 'Doe', 'john58.doe@johndoe.com', 'password', 'URL', '+49175658456', true, '2023-04-01 10:15:00'),
('John', 'Doe', 'john59.doe@johndoe.com', 'password', 'URL', '+49175658456', true, '2023-04-01 10:15:00'),
('John', 'Doe', 'john60.doe@johndoe.com', 'password', 'URL', '+49175658456', true, '2023-04-01 10:15:00');

INSERT INTO Guests (UserID, Bio) VALUES
(1, 'Bio example'),
(2, 'Bio example'),
(3, 'Bio example'),
(4, 'Bio example'),
(5, 'Bio example'),
(6, 'Bio example'),
(7, 'Bio example'),
(8, 'Bio example'),
(9, 'Bio example'),
(10, 'Bio example'),
(11, 'Bio example'),
(12, 'Bio example'),
(13, 'Bio example'),
(14, 'Bio example'),
(15, 'Bio example'),
(16, 'Bio example'),
(17, 'Bio example'),
(18, 'Bio example'),
(19, 'Bio example'),
(20, 'Bio example');

INSERT INTO Hosts (UserID) VALUES
(21),
(22),
(23),
(24),
(25),
(26),
(27),
(28),
(29),
(30),
(31),
(32),
(33),
(34),
(35),
(36),
(37),
(38),
(39),
(40);

INSERT INTO Admins (UserID) VALUES
(41),
(42),
(43),
(44),
(45),
(46),
(47),
(48),
(49),
(50),
(51),
(52),
(53),
(54),
(55),
(56),
(57),
(58),
(59),
(60);

INSERT INTO Accommodations (HostID, AddressID, Title, Description, PricePerNight,
                            MaxGuests, AvailabilityStatus, NumberBedroom, 
                            NumberBathroom, MinNight) 
VALUES
(1, 1, 'Appartment in Ottawa', 'Description Ottawa', 100, 4, 'Available', 2, 1, 1),
(2, 2, 'Appartment in Washington, DC', 'Description Washington', 100, 6, 'Non Available', 2, 1, 2),
(3, 3, 'Appartment in Paris', 'Description Paris', 100, 5, 'Available', 2, 1, 1),
(4, 4, 'Appartment in Berlin', 'Description Berlin', 100, 4, 'Available', 2, 1, 3),
(5, 5, 'Appartment in London', 'Description London', 100, 6, 'Available', 2, 1, 1),
(6, 6, 'Appartment in Tokyo', 'Description Tokyo', 100, 5, 'Available', 2, 1, 3),
(7, 7, 'Appartment in Hanoi', 'Description Hanoi', 100, 5, 'Available', 2, 1, 2),
(8, 8, 'Appartment in Seoul', 'Description Seoul', 100, 6, 'Non Available', 2, 1, 4),
(9, 9, 'Appartment in Canberra', 'Description Canberra', 100, 5, 'Available', 2, 1, 1),
(10, 10, 'Appartment in Algiers', 'Description Algiers', 100, 5, 'Available', 2, 1, 6),
(11, 11, 'Appartment in Cairo', 'Description Cairo', 100, 5, 'Available', 2, 1, 1),
(12, 12, 'Appartment in Lomé', 'Description Lomé', 100, 4, 'Available', 2, 1, 2),
(13, 13, 'Appartment in Santiago', 'Description Santiago', 100, 4, 'Available', 2, 1, 1),
(14, 14, 'Appartment in Buenos Aires', 'Description Buenos Aires', 100, 4, 'Available', 2, 1, 3),
(15, 15, 'Appartment in Mexico City', 'Description Mexico City', 100, 4, 'Non Available', 2, 1, 2),
(16, 16, 'Appartment in Ankara', 'Description Ankara', 100, 4, 'Available', 2, 1, 1),
(17, 17, 'Appartment in New Delhi', 'Description New Delhi', 100, 4, 'Available', 2, 1, 1),
(18, 18, 'Appartment in Islamabad', 'Description Islamabad', 100, 5, 'Available', 2, 1, 1),
(19, 19, 'Appartment in Jakarta', 'Description Jakarta', 100, 6, 'Available', 2, 1, 2),
(20, 20, 'Appartment in Lisbon', 'Description Lisbon', 100, 5, 'Available', 2, 1, 1);

INSERT INTO Photos (AccommodationID, PhotoURL) VALUES
(1, './images/apparment_picture_1'),
(2, './images/apparment_picture_2'),
(3, './images/apparment_picture_3'),
(4, './images/apparment_picture_4'),
(5, './images/apparment_picture_5'),
(6, './images/apparment_picture_6'),
(7, './images/apparment_picture_7'),
(8, './images/apparment_picture_8'),
(9, './images/apparment_picture_9'),
(10, './images/apparment_picture_10'),
(11, './images/apparment_picture_11'),
(12, './images/apparment_picture_12'),
(13, './images/apparment_picture_13'),
(14, './images/apparment_picture_14'),
(15, './images/apparment_picture_15'),
(16, './images/apparment_picture_16'),
(17, './images/apparment_picture_17'),
(18, './images/apparment_picture_18'),
(19, './images/apparment_picture_19'),
(20, './images/apparment_picture_20');

INSERT INTO Amenities (Name, Description) VALUES
('Air conditioning', 'Description air conditioning'),
('Dishwasher', 'Description dishwasher'),
('Balcony', 'Description balcony'),
('Laundry machine', 'Description laundry machine'),
('Windows with views', 'Description windows with views'),
('Playground', 'Description playground'),
('Swimming pool', 'Description swimming pool'),
('Rooftop lounge', 'Description rooftop lounge'),
('Gym room', 'Description gym room'),
('Covered parking', 'Description covered parking'),
('Electric vehicle charging stations', 'Description electric vehicle charging stations'),
('Elevators', 'Description elevators'),
('Gated entrance', 'Description gated entrance'),
('Smart lighting', 'Description smart lighting'),
('Sound system', 'Description sound system'),
('Fireplace', 'Description fireplace'),
('Ground heating', 'Description ground heating'),
('Bathtub', 'Description bathtub'),
('Internet', 'Description internet'),
('TV', 'Description TV');

INSERT INTO AccommodationAmenities (AccommodationID, AmenityID) VALUES
(1, 19),
(2, 19),
(3, 19),
(4, 19),
(5, 19),
(6, 19),
(7, 19),
(8, 19),
(9, 19),
(10, 19),
(11, 19),
(12, 19),
(13, 19),
(14, 19),
(15, 19),
(16, 19),
(17, 19),
(18, 19),
(19, 19),
(20, 19);

INSERT INTO Rules (Description) VALUES
('Cleaning the flat before leaving.'),
('No party allowed.'),
('Sorting trash mandatory.'),
('No animal allowed.'),
('No children allowed.'),
('Cooking in the bathroom forbidden.'),
('No weapon allowed.'),
('Quiet hours from 10 PM to 8 AM.'),
('Illegal dowloading using flat wifi forbidden.'),
('No smoking allowed.'),
('Check-in after 3 PM.'),
('No commercial use of the rental.'),
('Check-out by 11 AM.'),
('No rearranging of furniture.'),
('No illegal activities or substances.'),
('Lock the doors and windows when leaving.'),
('Use coasters for drinks on wooden surfaces.'),
('Return all keys and access cards upon departure.'),
('Turn off lights and AC/heat when leaving the apartment.'),
('Do not leave food out that might attract pests.');

INSERT INTO AccommodationRules (AccommodationID, RuleID) VALUES
(1, 10),
(2, 10),
(3, 10),
(4, 10),
(5, 10),
(6, 10),
(7, 10),
(8, 10),
(9, 10),
(10, 10),
(11, 15),
(12, 15),
(13, 15),
(14, 15),
(15, 15),
(16, 15),
(17, 15),
(18, 15),
(19, 15),
(20, 15);

INSERT INTO Reviews (AccommodationID, GuestID, Rating, Comment, ReviewDate) VALUES
(1, 1, 4, 'Comment', '2023-08-15 14:20:07'),
(2, 2, 4, 'Comment', '2023-08-15 14:20:07'),
(3, 3, 4, 'Comment', '2023-08-15 14:20:07'),
(4, 4, 4, 'Comment', '2023-08-15 14:20:07'),
(5, 5, 4, 'Comment', '2023-08-15 14:20:07'),
(6, 6, 4, 'Comment', '2023-08-15 14:20:07'),
(7, 7, 4, 'Comment', '2023-08-15 14:20:07'),
(8, 8, 4, 'Comment', '2023-08-15 14:20:07'),
(9, 9, 4, 'Comment', '2023-08-15 14:20:07'),
(10, 10, 4, 'Comment', '2023-08-15 14:20:07'),
(11, 11, 4, 'Comment', '2023-08-15 14:20:07'),
(12, 12, 4, 'Comment', '2023-08-15 14:20:07'),
(13, 13, 4, 'Comment', '2023-08-15 14:20:07'),
(14, 14, 4, 'Comment', '2023-08-15 14:20:07'),
(15, 15, 4, 'Comment', '2023-08-15 14:20:07'),
(16, 16, 4, 'Comment', '2023-08-15 14:20:07'),
(17, 17, 4, 'Comment', '2023-08-15 14:20:07'),
(18, 18, 4, 'Comment', '2023-08-15 14:20:07'),
(19, 19, 4, 'Comment', '2023-08-15 14:20:07'),
(20, 20, 4, 'Comment', '2023-08-15 14:20:07');

INSERT INTO Bookings (GuestID, AccommodationID, StartDate, EndDate, TotalPrice, BookingStatus) 
VALUES
(1, 1, '2023-07-23', '2023-07-30', 700, 'Confirmed'),
(2, 2, '2023-07-23', '2023-07-30', 700, 'Confirmed'),
(3, 3, '2023-07-23', '2023-07-30', 700, 'Confirmed'),
(4, 4, '2023-07-23', '2023-07-30', 700, 'Confirmed'),
(5, 5, '2023-07-23', '2023-07-30', 700, 'Confirmed'),
(6, 6, '2023-07-23', '2023-07-30', 700, 'Confirmed'),
(7, 7, '2023-07-23', '2023-07-30', 700, 'Confirmed'),
(8, 8, '2023-07-23', '2023-07-30', 700, 'Confirmed'),
(9, 9, '2023-07-23', '2023-07-30', 700, 'Confirmed'),
(10, 10, '2023-07-23', '2023-07-30', 700, 'Confirmed'),
(11, 11, '2023-07-23', '2023-07-30', 700, 'Confirmed'),
(12, 12, '2023-07-23', '2023-07-30', 700, 'Confirmed'),
(13, 13, '2023-07-23', '2023-07-30', 700, 'Confirmed'),
(14, 14, '2023-07-23', '2023-07-30', 700, 'Confirmed'),
(15, 15, '2023-07-23', '2023-07-30', 700, 'Confirmed'),
(16, 16, '2023-07-23', '2023-07-30', 700, 'Confirmed'),
(17, 17, '2023-07-23', '2023-07-30', 700, 'Confirmed'),
(18, 18, '2023-07-23', '2023-07-30', 700, 'Confirmed'),
(19, 19, '2023-07-23', '2023-07-30', 700, 'Confirmed'),
(20, 20, '2023-07-23', '2023-07-30', 700, 'Confirmed');

INSERT INTO Disputes (BookingID, AdminID, DisputeDate, Description, Status) 
VALUES
(1, 1, '2023-08-01 12:15:23', 'Description example', 'Status example'),
(2, 2, '2023-08-01 12:15:23', 'Description example', 'Status example'),
(3, 3, '2023-08-01 12:15:23', 'Description example', 'Status example'),
(4, 4, '2023-08-01 12:15:23', 'Description example', 'Status example'),
(5, 5, '2023-08-01 12:15:23', 'Description example', 'Status example'),
(6, 6, '2023-08-01 12:15:23', 'Description example', 'Status example'),
(7, 7, '2023-08-01 12:15:23', 'Description example', 'Status example'),
(8, 8, '2023-08-01 12:15:23', 'Description example', 'Status example'),
(9, 9, '2023-08-01 12:15:23', 'Description example', 'Status example'),
(10, 10, '2023-08-01 12:15:23', 'Description example', 'Status example'),
(11, 11, '2023-08-01 12:15:23', 'Description example', 'Status example'),
(12, 12, '2023-08-01 12:15:23', 'Description example', 'Status example'),
(13, 13, '2023-08-01 12:15:23', 'Description example', 'Status example'),
(14, 14, '2023-08-01 12:15:23', 'Description example', 'Status example'),
(15, 15, '2023-08-01 12:15:23', 'Description example', 'Status example'),
(16, 16, '2023-08-01 12:15:23', 'Description example', 'Status example'),
(17, 17, '2023-08-01 12:15:23', 'Description example', 'Status example'),
(18, 18, '2023-08-01 12:15:23', 'Description example', 'Status example'),
(19, 19, '2023-08-01 12:15:23', 'Description example', 'Status example'),
(20, 20, '2023-08-01 12:15:23', 'Description example', 'Status example');

INSERT INTO CancellationPolicies (Description) VALUES
('Flexible: Full refund for cancellations up to 24 hours before check-in.'),
('Moderate: Full refund for cancellations up to 5 days before check-in.'),
('Strict: 50% refund for cancellations up to 7 days before check-in, no refund thereafter.'),
('Long-Term: Full refund for cancellations up to 30 days before check-in; 50% refund up to 14 days before check-in, no refund thereafter.'),
('Super Strict 30 Days: 50% refund for cancellations up to 30 days before check-in, no refund thereafter.'),
('Super Strict 60 Days: 50% refund for cancellations up to 60 days before check-in, no refund thereafter.'),
('Non-Refundable: No refunds for cancellations after booking.'),
('Last-Minute: Full refund for cancellations up to 1 week before check-in; 50% refund up to 48 hours before check-in, no refund thereafter.'),
('Seasonal: Full refund for cancellations up to 14 days before check-in during off-peak seasons; 50% refund up to 30 days before check-in during peak seasons.'),
('Event-Based: Full refund for cancellations up to 60 days before check-in for bookings during special events (e.g., festivals, holidays); no refund thereafter.'),
('Partial Refund: 75% refund for cancellations up to 10 days before check-in; 25% refund up to 48 hours before check-in, no refund thereafter.'),
('Split Refund: 50% refund for cancellations up to 21 days before check-in; 25% refund up to 7 days before check-in, no refund thereafter.'),
('Custom Policy: Specific refund terms agreed upon at booking, tailored to individual guest requirements.'),
('Deposit-Only Refund: Full refund of deposit for cancellations up to 30 days before check-in; deposit forfeited thereafter.'),
('Flexible with Fee: Full refund for cancellations up to 7 days before check-in, minus a fixed cancellation fee.'),
('Gradual Refund: Full refund for cancellations up to 30 days before check-in; 75% refund up to 14 days before check-in; 50% refund up to 7 days before check-in, no refund thereafter.'),
("Host's Discretion: Refund based on the host's discretion, communicated at the time of booking."),
('Medical Emergency: Full refund for cancellations due to verified medical emergencies, regardless of timing.'),
('Relocation Policy: Guests are offered alternative accommodations or a refund if the original booking is canceled by the host.'),
('Weather-Dependent: Full refund for cancellations due to severe weather warnings or natural disasters, with proof of official alerts.');

INSERT INTO AccommodationPolicies (AccommodationID, PolicyID) VALUES
(1, 17),
(2, 17),
(3, 1),
(4, 1),
(5, 2),
(6, 3),
(7, 3),
(8, 4),
(9, 5),
(10, 1),
(11, 17),
(12, 17),
(13, 1),
(14, 1),
(15, 2),
(16, 3),
(17, 5),
(18, 6),
(19, 8),
(20, 7);

INSERT INTO UserRatings (RatedID, RaterID, Rating, RatingDate) VALUES
(1, 21, 5, '2023-08-09 15:37:26'),
(2, 22, 3, '2023-08-09 15:37:26'),
(3, 23, 5, '2023-08-09 15:37:26'),
(4, 24, 4, '2023-08-09 15:37:26'),
(5, 25, 5, '2023-08-09 15:37:26'),
(6, 26, 4, '2023-08-09 15:37:26'),
(7, 27, 2, '2023-08-09 15:37:26'),
(8, 28, 1, '2023-08-09 15:37:26'),
(9, 29, 5, '2023-08-09 15:37:26'),
(10, 30, 4, '2023-08-10 15:37:26'),
(11, 31, 3, '2023-08-10 15:37:26'),
(12, 32, 5, '2023-08-10 15:37:26'),
(13, 33, 4, '2023-08-10 15:37:26'),
(14, 34, 5, '2023-08-10 15:37:26'),
(15, 35, 5, '2023-08-10 15:37:26'),
(16, 36, 3, '2023-08-10 15:37:26'),
(17, 37, 5, '2023-08-10 15:37:26'),
(18, 38, 5, '2023-08-10 15:37:26'),
(19, 39, 4, '2023-08-10 15:37:26'),
(20, 40, 4, '2023-08-10 15:37:26');

INSERT INTO Payments (BookingID, PaymentAmount, PaymentDate, PaymentMethod, PaymentStatus) 
VALUES
(1, 700, '2023-08-03 20:59:59', 'Credit card', 'Payed'),
(2, 700, '2023-08-03 20:59:59', 'Credit card', 'Payed'),
(3, 700, '2023-08-03 20:59:59', 'Credit card', 'Payed'),
(4, 700, '2023-08-03 20:59:59', 'Credit card', 'Payed'),
(5, 700, '2023-08-03 20:59:59', 'Credit card', 'Payed'),
(6, 700, '2023-08-03 20:59:59', 'Credit card', 'Payed'),
(7, 700, '2023-08-03 20:59:59', 'Credit card', 'Payed'),
(8, 700, '2023-08-03 20:59:59', 'Credit card', 'Payed'),
(9, 700, '2023-08-03 20:59:59', 'Credit card', 'Payed'),
(10, 700, '2023-08-03 20:59:59', 'Credit card', 'Payed'),
(11, 700, '2023-08-03 20:59:59', 'Credit card', 'Payed'),
(12, 700, '2023-08-03 20:59:59', 'Credit card', 'Payed'),
(13, 700, '2023-08-03 20:59:59', 'Credit card', 'Payed'),
(14, 700, '2023-08-03 20:59:59', 'Credit card', 'Payed'),
(15, 700, '2023-08-03 20:59:59', 'Credit card', 'Payed'),
(16, 700, '2023-08-03 20:59:59', 'Credit card', 'Payed'),
(17, 700, '2023-08-03 20:59:59', 'Credit card', 'Payed'),
(18, 700, '2023-08-03 20:59:59', 'Credit card', 'Payed'),
(19, 700, '2023-08-03 20:59:59', 'Credit card', 'Payed'),
(20, 700, '2023-08-03 20:59:59', 'Credit card', 'Payed');

INSERT INTO Messages (SenderID, ReceiverID, Content, SentAt) VALUES
(1, 21, 'Message content example', '2023-07-01 10:45:12'),
(2, 22, 'Message content example', '2023-07-02 10:45:12'),
(3, 23, 'Message content example', '2023-07-03 10:45:12'),
(4, 24, 'Message content example', '2023-07-04 10:45:12'),
(5, 25, 'Message content example', '2023-07-05 10:45:12'),
(6, 26, 'Message content example', '2023-07-06 10:45:12'),
(7, 27, 'Message content example', '2023-07-07 10:45:12'),
(8, 28, 'Message content example', '2023-07-08 10:45:12'),
(9, 29, 'Message content example', '2023-07-09 10:45:12'),
(10, 30, 'Message content example', '2023-07-01 10:45:12'),
(11, 31, 'Message content example', '2023-07-02 10:45:12'),
(12, 32, 'Message content example', '2023-07-03 10:45:12'),
(13, 33, 'Message content example', '2023-07-04 10:45:12'),
(14, 34, 'Message content example', '2023-07-05 10:45:12'),
(15, 35, 'Message content example', '2023-07-06 10:45:12'),
(16, 36, 'Message content example', '2023-07-07 10:45:12'),
(17, 37, 'Message content example', '2023-07-08 10:45:12'),
(18, 38, 'Message content example', '2023-07-09 10:45:12'),
(19, 39, 'Message content example', '2023-07-10 10:45:12'),
(20, 40, 'Message content example', '2023-07-11 10:45:12');
